-- 고객 테이블
INSERT INTO 고객 (고객코드, 고객이름, 나이, 성별) VALUES
('H001', '서유경', 25, '여'),
('H002', '오현옥', 34, NULL),
('H003', '최명원', 27, '남'),
('H004', '진주윤', 19, '여'),
('H005', '양성근', 42, '남'),
('H006', '북동석', 45, '남'),
('H007', '송영지', 29, '여'),
('H008', '봉대일', 36, '남'),
('H009', '강남남', 40, '남'),
('H010', '배명선', 35, '여'),
('H011', '김만호', 29, '남'),
('H012', '안영석', NULL, '남'),
('H013', '심신영', 21, '여'),
('H014', '권명준', 28, '남'),
('H015', '백우석', 30, '남'),
('H016', '하태일', 32, '남'),
('H017', '봉인숙', 41, '여'),
('H018', '강윤아', 23, '여'),
('H019', '남궁혜봉', 20, '여'),
('H020', '황재인', 28, '여');


-- 생산부서 테이블
INSERT INTO 생산부서 (부서명, 생산량) VALUES
('A001', 80),
('B001', 70),
('C001', 65),
('D001', 75),
('E001', NULL);


-- 제품 테이블
INSERT INTO 제품 (제품번호, 생산부서명, 단가) VALUES
('NM001', 'A001', 450000),
('NM002', 'A001', 600000),
('NM003', 'A001', 500000),
('NM004', 'A001', 650000),
('NM005', 'A001', NULL),
('OP001', 'B001', 700000),
('OP002', 'B001', 650000),
('OP003', 'B001', 1000000),
('OP004', 'B001', 850000),
('QR001', 'C001', 700000),
('QR002', 'C001', 600000),
('QR003', 'C001', 750000),
('QR004', 'C001', 550000),
('ST001', 'D001', 800000),
('ST002', 'D001', 850000),
('ST003', 'D001', 900000),
('ST004', 'D001', 600000),
('ST005', 'D001', NULL),
('UV001', 'E001', 150000),
('UV002', 'E001', 100000),
('UV003', 'E001', 80000),
('UV004', 'E001', 90000),
('UV005', 'E001', NULL);


-- 판매점 테이블
INSERT INTO 판매점 (매장번호, 평균판매량, 매출) VALUES
('D7438', 19, 131900000),
('F1843', 22, 182750000),
('R1921', 17, 100850000),
('R3014', 12, NULL),
('V3248', 20, 141200000);


-- 납품 테이블
INSERT INTO 납품 (제품번호, 매장번호, 납품량, 납품일자) VALUES
('NM001', 'D7438', 7, '2022-05-15'),
('NM001', 'R3014', 7, '2022-05-15'),
('NM002', 'R1921', 8, '2022-05-15'),
('NM003', 'F1843', 6, '2022-05-15'),
('NM003', 'V3248', 6, '2022-05-15'),
('NM004', 'D7438', 10, '2022-05-15'),
('OP001', 'F1843', 5, '2022-05-15'),
('OP002', 'D7438', 9, '2022-05-15'),
('OP003', 'R3014', 6, '2022-05-15'),
('OP004', 'R1921', 7, '2022-05-15'),
('QR001', 'D7438', 10, '2022-05-15'),
('QR002', 'V3248', 8, '2022-05-15'),
('QR003', 'F1843', 9, '2022-05-15'),
('QR004', 'D7438', 6, '2022-05-15'),
('ST001', 'R1921', 6, '2022-05-15'),
('ST002', 'R3014', 6, '2022-05-15'),
('ST003', 'V3248', 7, '2022-05-15'),
('ST004', 'D7438', 6, '2022-05-15'),
('UV001', 'R1921', 8, '2022-05-15'),
('UV001', 'R3014', 8, '2022-05-15'),
('UV002', 'V3248', 7, '2022-05-15'),
('UV003', 'F1843', 9, '2022-05-15'),
('UV004', 'R1921', 10, '2022-05-15');


-- 구매 테이블
INSERT INTO 구매 (고객코드, 제품번호, 구매수량, 구매일자) VALUES
('H011', 'NM001', 1, '2022-05-14'),
('H004', 'NM002', 2, '2022-05-01'),
('H019', 'NM002', 1, '2022-05-17'),
('H009', 'NM003', 1, '2022-05-10'),
('H007', 'NM004', 1, '2022-05-08'),
('H012', 'QP001', 1, '2022-05-21'),
('H018', 'QP001', 1, '2022-05-01'),
('H004', 'QP002', 1, '2022-05-23'),
('H009', 'QP003', 1, '2022-05-31'),
('H016', 'QP003', 1, '2022-05-09'),
('H005', 'QP004', 1, '2022-05-02'),
('H017', 'QP004', 1, '2022-05-07'),
('H008', 'QR001', 1, '2022-05-19'),
('H015', 'QR001', 1, '2022-05-13'),
('H020', 'QR003', 2, '2022-05-12'),
('H013', 'QR003', 1, '2022-05-06'),
('H014', 'QR004', 1, '2022-05-17'),
('H010', 'ST001', 2, '2022-05-23'),
('H017', 'ST001', 1, '2022-05-12'),
('H005', 'ST002', 1, '2022-05-19'),
('H015', 'ST003', 1, '2022-05-24'),
('H002', 'ST004', 1, '2022-05-15'),
('H003', 'UV001', 1, '2022-05-17'),
('H017', 'UV002', 1, '2022-05-07'),
('H018', 'UV002', 1, '2022-05-14'),
('H011', 'UV003', 1, '2022-05-18'),
('H013', 'UV003', 1, '2022-05-10'),
('H006', 'UV004', 1, '2022-05-30'),
('H019', 'UV004', 1, '2022-05-28');

-- 클레임 테이블
INSERT INTO 클레임 (고객코드, 제품번호, 클레임종류) VALUES
('H002', 'OP001', '제품결함'),
('H007', 'NM004', '직원불친절'),
('H008', 'UV002', '직원불친절'),
('H011', 'QR002', '배송지연'),
('H013', 'UV003', '제품결함'),
('H014', 'QR004', '배송지연'),
('H016', 'OP003', '제품결함'),
('H018', 'OP001', '직원불친절');


-- 배상 테이블
INSERT INTO 배상 (고객코드, 부서명, 배상금액) VALUES
('H002', 'B001', 350000),
('H013', 'E001', 40000),
('H016', 'B001', 500000);

